prj_id,mst_pr,dup_pr,idn_cmt
202,3627,3600,8506
202,1171,1170,1851
202,6795,6603,16882
202,7669,7587,19362
202,28433,28349,106192
202,17136,16651,51223
202,13332,13292,39737
202,9488,9457,25596
202,21295,20806,64958
202,23790,23101,76750
202,27829,27430,103839
202,8383,8363,21624
202,9428,9349,25096
202,22947,22749,74634
202,18033,18000,55002
202,2459,2420,5710
202,12134,11062,31177
202,21899,21887,69606
202,15218,15022,46572
202,13480,12010,34904
202,14246,14107,43666
202,10980,10738,29952
202,9768,9467,25549
202,7010,6996,17951
202,10373,10253,28489
202,13342,12014,34912
202,17425,17408,53644
202,16480,16475,50540
202,5772,5638,13915
202,27959,27781,103540
202,11048,11032,31130
202,10228,10180,28184
202,21450,21295,66839
202,12565,12520,36719
202,1010,1004,1619
202,10547,8726,29532
202,6471,6466,16455
202,24321,24292,82934
22091370,11475,11474,214900
22091370,28994,28604,401633
22091370,30772,30771,418394
22091370,28037,28026,393838
22091370,26097,25973,377882
22091370,15043,14871,253228
22091370,30884,30802,419336
22091370,44344,43215,527766
22091370,13165,13154,231844
22091370,15902,15840,261805
22091370,40322,39503,489615
22091370,661,657,144053
22091370,45455,40210,546182
22091370,39342,39293,487362
22091370,34246,34083,444520
22091370,36168,36163,462121
22091370,6976,5012,181485
22091370,41959,41663,516344
22091370,46923,46913,562040
22091370,19932,19807,312518
22091370,10440,7053,205230
22091370,8309,8303,189921
22091370,35835,35817,458985
22091370,1211,1210,148081
22091370,22110,20384,319788
22091370,28966,25342,369734
22091370,34424,32408,446719
22091370,36434,32811,464480
22091370,36195,36186,462229
22091370,45463,45263,544377
22091370,28414,24299,360286
22091370,30848,29741,419170
22091370,2716,2694,156670
22091370,23043,22845,346484
22091370,11284,10824,213224
22091370,17024,14548,248801
22091370,38591,38452,480861
22091370,16283,14493,267964
22091370,45920,45918,550841
22091370,45263,43027,544377
22091370,13322,13144,231670
22091370,14675,14564,250118
22091370,21786,21601,333022
22091370,47455,47074,565233
22091370,37347,37332,472360
22091370,13758,13738,238697
22091370,18073,17769,285786
22091370,24783,24549,364542
22091370,37140,36826,468236
22091370,5307,5302,170564
22091370,10746,10512,206098
22091370,2669,2652,156486
22091370,29854,29185,409530
22091370,19884,19725,311018
22091370,7503,7456,184538
22091370,9575,7227,198294
22091370,37137,35550,455957
22091370,44288,40234,535399
22091370,47322,46193,564588
22091370,24556,24537,362713
22091370,38587,38571,480834
22091370,30654,30476,417038
22091370,7679,7615,185499
22091370,16495,16152,266592
22091370,5763,5233,170147
22091370,41036,41006,504370
22091370,41342,41308,508645
22091370,40421,40400,498714
22091370,28996,28978,401655
22091370,42529,42138,522039
22091370,56,52,140998
22091370,35745,32790,435028
22091370,37269,275,471620
22091370,41761,41756,513505
22091370,45273,44727,544464
22091370,30928,30880,419828
22091370,46666,45575,559390
22091370,8639,7439,184398
22091370,61,52,141013
22091370,19759,15998,311700
22091370,34502,32109,430013
22091370,29150,25524,403086
22091370,8931,8743,192389
22091370,46478,46383,557469
22091370,14229,14213,245023
22091370,20810,19559,324971
22091370,22163,22131,337928
22091370,31741,31682,427023
22091370,30993,28284,396051
22091370,35609,35556,456507
22091370,41210,41106,507226
22091370,10895,10784,210051
22091370,26066,26059,377708
22091370,5741,5735,173032
22091370,38751,38370,479355
22091370,85,82,141090
22091370,32064,32049,429636
22091370,10883,10819,209957
22091370,38296,38285,478820
22091370,25591,24509,372436
22091370,46307,45649,555412
22091370,44909,44462,541363
22091370,9966,9854,200135
22091370,25995,23473,376658
22091370,44496,39342,537431
22091370,43902,43871,532366
22091370,10232,9264,203508
22091370,273,169,141247
22091370,13894,12717,226232
22091370,3274,3270,159170
22091370,44838,44583,540672
22091370,21365,21361,330860
22091370,18449,13838,240031
22091370,46927,46784,560832
22091370,47684,47223,566806
22091370,25512,22737,371334
22091370,31372,31361,423332
22091370,3200,3199,158808
22091370,12111,11679,220495
22091370,36597,36294,465937
22091370,42883,42630,524855
22091370,21531,21357,332613
22091370,451,356,142600
22091370,5784,5775,173328
22091370,41546,41427,511113
22091370,5775,5714,172897
22091370,33101,33099,436922
22091370,43145,42152,527270
22091370,38789,33757,442112
22091370,11113,11085,212209
22091370,46695,46346,555813
22091370,9838,9730,200038
22091370,29226,29204,403868
22091370,22501,21535,340951
22091370,20057,19510,315705
22091370,17264,17195,279373
22091370,33276,32120,430179
22091370,54,52,140995
22091370,33683,33675,441668
22091370,40550,39903,499926
22091370,11450,11364,213832
22091370,40380,40379,498475
22091370,46869,46863,561729
22091370,31287,31282,422763
22091370,16227,15791,267318
22091370,45065,45034,542675
22091370,40901,40193,503210
22091370,44727,44463,539492
22091370,44969,43936,532614
22091370,36673,36425,464424
22091370,41942,37571,474237
22091370,3916,3915,162096
22091370,13628,13616,236829
22091370,39883,38317,479061
22091370,46823,46739,561371
22091370,25996,25634,376665
22091370,5298,5293,170550
22091370,21130,20665,322958
22091370,11322,11317,213450
22091370,44500,42007,516834
22091370,4065,4056,162951
22091370,35839,35760,458286
22091370,6964,6952,181391
22091370,19406,19324,307264
22091370,15401,15224,256987
22091370,21532,21357,332618
22091370,46953,46909,562313
22091370,11219,10234,212789
22091370,42202,41745,513379
22091370,41480,41478,510395
22091370,38546,1932,480583
22091370,34811,34144,444907
22091370,44934,44908,541609
22091370,33964,30787,443717
22091370,42113,42049,517341
22091370,18377,18341,295026
22091370,20141,19706,316691
22091370,6614,6239,175984
22091370,34972,29489,406064
22091370,4698,4494,166472
22091370,35320,33616,453954
22091370,28053,28052,393928
22091370,13800,13680,239516
22091370,28294,28251,396100
22091370,3577,3555,160358
22091370,24881,24201,359241
22091370,44313,44312,535575
22091370,2412,2397,155210
22091370,43719,42815,524396
22091370,44839,44583,540680
22091370,44966,44943,541824
22091370,15339,15004,252976
22091370,4393,4390,164384
22091370,12980,12895,229324
22091370,30147,30137,412405
22091370,14472,14448,247190
22091370,10609,10453,207192
22091370,28606,28206,395279
22091370,7142,6847,182583
22091370,14098,14083,243931
22091370,35732,34152,444965
22091370,6949,6938,181128
22091370,43666,42717,530703
22091370,40379,40378,498471
22091370,17169,17167,277516
22091370,29995,29447,405505
22091370,32311,32268,431554
22091370,25688,25326,373538
22091370,7021,6886,181762
22091370,5466,5022,171460
22091370,39634,39632,490775
22091370,25888,24861,365249
22091370,45804,45768,549529
1142,39228,38316,619701
1142,33878,33871,612734
1142,22510,22347,599063
1142,26696,26694,603417
1142,14429,14401,585848
1142,30177,30166,607410
1142,26136,26117,602699
1142,23500,23497,600109
1142,11756,11751,579657
1142,18081,18079,592515
1142,33916,33670,612771
1142,20393,20368,596184
1142,18519,18497,593346
1142,32747,32563,611200
1142,39727,39630,620462
1142,36912,36900,616866
1142,34148,34098,613137
1142,11704,11674,579546
1142,11989,11988,580156
1142,41249,41191,623596
1142,13228,13221,583327
1142,25843,25835,602413
1142,16266,15780,589706
1142,35382,35376,614774
1142,24528,24490,601155
1142,14213,14197,585431
1142,40782,40781,622798
1142,39390,39364,619933
1142,27652,27645,604468
1142,22952,22951,599597
1142,20290,19890,596112
1142,20535,20509,596394
1142,38882,38881,619347
1142,32086,31660,610521
1142,38829,38266,618773
1142,19297,19296,594897
1142,10775,10770,577606
1142,22626,22406,598832
1142,5096,5094,571150
1142,40274,40138,621965
1142,30953,30951,608632
1142,17692,17691,592177
1142,22201,22198,598629
1142,15352,15333,587721
1142,33866,33830,612687
1142,14252,14027,585057
1142,35243,35132,614644
10313229,24024,23871,742402
10313229,19837,19827,760385
10313229,8982,8980,793932
10313229,14331,12524,783645
10313229,37393,37316,661622
10313229,32187,32133,695360
10313229,25837,25816,732666
10313229,9325,9315,793283
10313229,26963,26163,731049
10313229,21143,21096,756536
10313229,7991,7982,795499
10313229,7657,7656,795974
10313229,5109,5102,798050
10313229,33227,33191,688680
10313229,14706,14689,776699
10313229,30719,30718,704693
10313229,22276,22242,7426
10313229,38466,38450,653656
10313229,33744,33546,685005
10313229,20653,20641,757833
10313229,30792,30781,704141
10313229,22367,22352,750596
10313229,7919,7897,795601
10313229,25902,25739,732366
10313229,9326,9325,793277
10313229,9339,9325,793266
10313229,12970,12933,782148
10313229,30676,30608,705514
10313229,19169,19116,762663
10313229,31143,31111,701780
10313229,14014,13832,778931
10313229,9753,7297,792214
10313229,34010,33769,682800
10313229,27034,27020,725530
10313229,22835,22824,748397
10313229,41282,41181,634798
10313229,21890,21745,753051
10313229,22170,21972,751412
10313229,7738,7736,795834
10313229,19019,18814,763165
10313229,24670,24366,740924
10313229,23077,23029,747153
10313229,33327,33189,687950
10313229,28727,28717,716344
10313229,42089,42081,628638
10313229,15809,15707,773489
10313229,19171,19146,762634
10313229,26190,21830,730885
10313229,19948,19885,759803
10313229,37862,36895,658116
10313229,22081,22076,751923
10313229,7202,7146,796485
10313229,23845,23843,743302
10313229,22759,22172,748752
10313229,19702,19701,760818
10313229,8080,8074,795313
10313229,15847,15115,775648
10313229,23413,23409,745523
10313229,32516,31794,697565
10313229,36222,35395,674066
10313229,9316,9315,793344
10313229,19388,504,761867
10313229,23796,23727,743799
10313229,12200,11980,786252
10313229,9643,9594,792870
10313229,12941,12933,782321
10313229,19705,19701,760819
10313229,9606,9604,792832
10313229,34045,34026,682652
10313229,34669,34663,678696
10313229,34253,33738,685040
10313229,19657,19576,760921
10313229,19463,19387,761648
10313229,19876,19763,760218
10313229,11388,11364,788531
10313229,17088,16991,768853
10313229,11301,11281,788602
10313229,22626,22545,749134
10313229,42631,42059,625057
10313229,23988,23967,742511
10313229,11405,11398,788476
10313229,22657,22545,749095
10313229,42418,42413,626368
10313229,19980,19974,759727
10313229,17063,17029,768864
10313229,21355,21185,756338
10313229,31138,31099,701804
10313229,14931,14900,775982
10313229,32942,32864,691213
10313229,7547,7494,796097
10313229,40082,40026,642850
10313229,7270,7226,796393
10313229,19486,18770,761597
10313229,20677,20562,758069
10313229,7707,7676,795961
10313229,22055,21968,752037
10313229,16714,14883,769614
10313229,9526,9506,793027
10313229,19904,19881,759993
10313229,11314,11313,788583
10313229,28564,28531,717205
10313229,27100,26955,725123
10313229,20437,20380,758342
10313229,5663,5660,797706
10313229,38152,37493,660745
10313229,7865,7858,795674
10313229,12503,12484,783685
1334,20193,20125,868186
1334,7868,5396,820924
1334,27589,27588,894243
1334,22308,9264,875979
1334,25240,25225,886652
1334,20813,13869,844846
1334,20902,20900,870700
1334,23974,23649,881923
1334,2679,1333,802489
1334,21302,11173,872282
1334,6060,5587,811293
1334,15674,13428,842914
1334,15683,14847,848332
1334,21144,12670,871721
1334,6895,3008,806098
1334,13236,13195,841947
1334,23155,23146,878910
1334,19571,19435,865634
1334,6743,5264,810333
1334,21449,21447,872652
1334,26882,18942,892216
1334,10718,7010,832103
1334,17874,17873,860015
1334,12746,12072,837636
1334,5088,4874,809885
1334,20697,20050,869804
1334,23284,18726,862761
1334,15260,15251,850188
1334,8175,7350,822335
1334,15674,13606,843869
1334,12962,12252,838277
1334,8185,7145,817462
1334,15950,15195,853074
1334,15224,5892,812273
1334,13262,12132,842027
1334,16049,12118,837771
1334,22500,22461,876434
1334,24157,18313,861347
1334,19096,12177,864399
1334,16964,11173,833939
1334,10606,10482,831723
1334,24450,23103,883482
1334,18989,18742,864115
1334,13455,8920,825700
1334,28776,27331,897633
1334,27266,27265,893350
1334,6743,2523,804897
1334,21572,17169,873200
1334,17678,11518,859264
1334,10417,9717,828921
1334,23816,23792,881413
1334,5927,5710,811654
1334,28235,28139,896403
1334,22534,18412,876751
1334,23269,23242,879430
1334,17229,16130,857911
1334,22737,22727,877419
1334,18157,11867,836815
1334,24608,24493,883614
1334,8646,8546,824762
1334,11659,10887,835936
1334,7350,3457,806931
1334,22270,19789,866847
1334,26266,24962,890183
1334,8742,8737,825101
1334,10534,10057,831468
1334,18706,9052,826318
1334,28287,14012,845414
1334,10592,10585,831652
1334,13306,13295,842177
1334,14253,11867,846143
1334,23310,23307,879584
1334,18896,16400,863490
1334,22702,22696,877337
1334,24386,24379,883315
1334,27768,27121,892966
1334,26797,26357,891864
1334,28399,28068,896758
1334,3070,3064,806277
1334,15845,13685,844163
1334,6936,1777,803292
1334,13900,13715,844252
1334,15458,10077,830002
1334,9054,9042,826319
1334,18085,16625,855607
1334,19772,17885,866771
1334,14438,12743,846854
1334,12144,10538,837877
1334,24119,14141,845727
1334,16257,12136,854039
1334,11202,11201,834102
1334,27615,18799,863059
1334,22686,22570,877267
1334,14509,12519,839033
1334,18706,10891,832878
1334,7661,7658,819941
1334,5279,5273,810369
1334,19501,16146,853611
1334,25976,25921,888991
1334,8919,8741,825696
1334,11676,11496,835994
1334,26869,26643,891317
1334,13509,13348,842613
1334,17885,17668,859232
1334,25828,25355,887176
1334,2062,1139,804004
1334,21836,21828,874062
1334,14030,12413,838790
1334,19936,19844,867491
1334,27414,27356,893639
1334,10748,10740,832177
1334,27503,25276,886815
1334,27254,26686,893331
1334,22691,22685,877280
1334,15569,14519,851388
1334,16796,13548,856212
1334,19021,11183,833996
1334,16890,16889,856427
1334,22283,22221,875513
1334,6313,6210,813908
1334,21414,17502,872527
1334,25218,25192,886624
1334,10905,10846,832649
1334,15720,8639,852168
1334,5283,5281,810371
1334,10738,10737,832157
1334,23827,22854,877813
1334,14203,14201,845924
1334,13691,13014,840933
1334,23338,16558,855414
1334,18383,16122,853532
1334,1270,496,802386
1334,10617,10616,831731
1334,11869,11496,836816
1334,23976,23665,881927
1334,6557,6477,814974
1334,24890,22159,875254
1334,13886,12056,837544
1334,13115,12873,841367
1334,15674,12717,839745
1334,28776,25496,887559
1334,8064,5384,810792
1334,23206,23205,879149
1334,23867,23863,881615
1334,19635,15569,866313
1334,22254,21763,873886
1334,5746,4205,808487
1334,4799,4794,809448
1334,28592,22245,875640
1334,16366,15234,854473
1334,28729,28727,897492
1334,20468,17885,869155
1334,3591,3066,806259
1334,25280,24742,884751
1334,13580,13579,843665
1334,18856,18778,863357
1334,12317,11983,837322
1334,9189,9188,826810
1334,27503,25054,886110
1334,6482,6471,814575
1334,26788,26527,890904
1334,10992,10920,832973
1334,28355,27198,896640
1334,15674,13792,844569
1334,26165,23235,889726
1334,5244,4148,808386
1334,22933,22932,878022
1334,20866,20021,867698
1334,24719,21908,884645
1334,17231,17192,857921
1334,18754,8225,822539
1334,17360,16367,854496
1334,27840,27787,895071
1334,25221,23376,886626
1334,12222,12088,837709
1334,13029,13028,841032
1334,12760,12124,837786
1334,27034,26928,892661
1334,17810,17112,859794
1334,16310,12796,854268
1334,25178,20112,886457
1334,13564,13492,843617
1334,5023,2630,805114
1334,23972,23684,881918
1334,22462,20761,869976
1334,6743,6498,814643
1334,24233,24180,882526
1334,21160,21135,871746
1334,20828,12286,838381
1334,7305,6943,818122
1334,21274,21250,872175
1334,13867,13866,844795
1334,15764,15162,849845
1334,26555,26548,890984
1334,25240,24741,884745
1334,21229,19327,871898
1334,8208,7312,822476
1334,13455,9448,827824
1334,25884,25780,888834
10998645,20206,20205,1315594
10998645,20816,20686,1314504
10998645,4270,3956,1349353
10998645,8616,8614,1340960
10998645,16172,16149,1323898
10998645,13939,13041,1328449
10998645,10126,10005,1337454
10998645,30290,29121,1298482
10998645,12768,12180,1331421
10998645,32237,31744,1296597
10998645,6178,6061,1345786
10998645,9230,9215,1339574
10998645,10843,10833,1335720
10998645,29850,29733,1299064
10998645,7666,7658,1343279
10998645,3332,3303,1350077
10998645,22099,22098,1312461
10998645,30281,29702,1298502
10998645,12424,12282,1332138
10998645,5226,5131,1347131
10998645,29218,29138,1300373
10998645,15001,14957,1326457
10998645,14991,14910,1326362
10998645,4231,4203,1348932
10998645,1443,1442,1352700
10998645,21801,21723,1312808
10998645,1312,607,1353550
10998645,16512,16009,1323382
10998645,5929,5921,1345981
10998645,25158,25133,1307326
10998645,1778,1775,1352341
10998645,27160,26987,1304194
10998645,6766,6579,1345124
10998645,15479,14868,1325218
10998645,15749,14513,1324769
10998645,12299,11857,1332432
10998645,1645,1644,1352479
10998645,12920,10255,1330910
10998645,12416,11857,1332158
10998645,31352,29766,1297119
10998645,7163,7155,1344236
10998645,9426,9405,1339328
10998645,7717,7716,1343202
10998645,19137,18887,1317586
10998645,4247,4231,1348876
10998645,2295,1577,1351736
10998645,12445,12416,1332123
10998645,4723,4601,1348135
10998645,1775,1774,1352359
10998645,14196,13923,1327984
10998645,4989,4976,1347614
10998645,2937,2906,1350986
10998645,1624,1565,1352510
10998645,11794,11782,1333736
10998645,7946,7945,1342777
10998645,4194,3853,1349415
10998645,19760,19693,1316446
10998645,756,743,1353432
10998645,11632,10992,1333930
10998645,16406,16403,1323566
10998645,9715,9233,1339553
17694,13270,13255,1463611
17694,8622,8621,1488999
17694,15543,14981,1451840
17694,13959,13401,1460281
17694,7198,7189,1495481
17694,8749,8234,1490831
17694,9300,7973,1492008
17694,5730,4861,1503990
17694,11128,10715,1476789
17694,13178,12997,1464050
17694,12847,12845,1465905
17694,3236,3233,1518254
17694,5067,5018,1508162
17694,14088,13658,1461656
17694,11679,11643,1471841
17694,11990,11646,1471828
17694,847,710,1525282
17694,4276,4245,1512651
17694,13358,13269,1463612
17694,8449,8226,1490881
17694,8139,8015,1491864
17694,11618,11612,1472011
17694,4887,4776,1509127
17694,14771,14625,1456149
17694,14487,14394,1458008
17694,15373,15358,1452720
17694,14578,14548,1457289
17694,14616,13592,1461923
17694,10678,10644,1477082
17694,8260,7289,1495061
17694,13270,13232,1463789
17694,6039,5714,1504087
17694,4890,4687,1509108
17694,11743,11734,1471489
17694,6029,5987,1502166
17694,11628,11453,1472900
17694,14828,14578,1455905
17694,8903,8470,1487647
17694,8397,8396,1490072
17694,12165,11969,1469091
17694,10411,9263,1478445
17694,5208,5205,1506972
17694,13506,13450,1462387
17694,10797,10651,1477069
17694,13505,13503,1462390
17694,15536,15423,1451859
17694,13204,12045,1463958
17694,7037,7033,1496205
17694,14576,14535,1457239
17694,6894,6863,1496994
17694,11363,11353,1473425
17694,7287,7164,1495085
17694,15414,15412,1452396
17694,13131,13127,1464239
17694,8736,8715,1488323
17694,9393,9367,1484558
17694,4949,3273,1508562
17694,10438,10427,1478249
17694,11649,11031,1471816
17694,14311,14135,1458416
17694,9176,9173,1486194
17694,13332,13300,1463488
17694,7056,6898,1496124
17694,11466,11056,1474762
17694,9581,8754,1483517
17694,10797,10787,1476303
17694,5778,5744,1503723
17694,8979,8846,1487782
17694,8627,8590,1488990
17694,8524,8521,1489508
17694,6250,6108,1501059
17694,15044,15041,1454569
17694,8853,8847,1487781
17694,11433,10793,1476292
17694,15424,15423,1452346
17694,5020,4898,1508154
17694,7968,7958,1492016
17694,14082,11891,1470623
17694,7415,7399,1494537
17694,15634,15628,1451486
17694,6940,4350,1496658
17694,13643,13450,1461707
17694,13378,13367,1463100
17694,7013,6916,1496263
17694,11587,11581,1472170
17694,13705,13170,1464077
17694,8027,8024,1491816
17694,15068,15008,1454733
17694,5309,5173,1507183
17694,14577,14535,1457329
17694,11182,10185,1480090
17694,6756,6694,1497771
17694,9006,8853,1487761
17694,12581,12499,1467565
17694,13179,13001,1464049
17694,9264,9242,1485519
17694,4491,4252,1511535
17694,13395,13320,1463380
17694,9862,9845,1482057
17694,8483,8408,1489651
17694,11287,11254,1473662
17694,11626,11556,1472286
17694,8108,8060,1491645
17694,7199,7136,1495712
634,13598,12470,1799418
634,233,228,1847677
634,20713,19576,1762673
634,5909,4309,1828895
634,14069,14061,1797071
634,9377,8133,1818067
634,2396,2181,1842554
634,14803,14539,1793270
634,7825,7713,1822312
634,18710,17136,1782075
634,19186,18788,1771317
634,14785,14734,1793344
634,10683,10649,1812743
634,21517,19684,1767842
634,20219,20204,1765524
634,8441,8350,1820742
634,15975,14235,1787262
634,177,161,1847889
634,13479,10071,1799749
634,5193,5075,1831981
634,8764,8213,1821249
634,7767,7743,1822384
634,17635,11311,1779790
634,1025,1023,1845099
634,15987,15984,1787225
634,20522,20492,1763714
634,12394,12382,1804361
634,12394,12381,1804360
634,10123,10007,1815481
634,18143,18136,1777505
634,3378,3057,1839934
634,13060,12662,1803371
634,12148,10309,1814374
634,22424,22134,1754640
634,640,638,1846307
634,14561,14399,1794567
634,14448,13856,1798410
634,11412,11074,1810938
634,16148,16146,1786448
634,10568,10253,1814783
634,22805,22749,1751633
634,15005,14680,1792242
634,20786,20750,1762220
634,16527,16031,1784821
634,9005,9002,1819222
634,13867,13811,1798376
634,12967,12963,1802121
634,16049,16046,1786891
634,16865,16822,1783176
634,17760,17372,1781362
634,13636,13634,1799272
634,12773,11883,1806667
634,14306,14286,1795890
634,10567,10515,1813497
634,12156,11021,1811167
634,19959,19745,1766526
634,3057,3002,1839931
634,11400,56,1808990
634,22871,22869,1751400
634,9148,7999,1821708
634,21461,20495,1763968
634,21865,15557,1789615
634,14538,14531,1794679
634,9015,9002,1819223
634,20814,20717,1762028
634,21341,21325,1758667
634,12778,12522,1802928
634,15921,15886,1787689
634,142,79,1848091
634,16062,15301,1786836
634,11618,11533,1808066
634,1439,1435,1844076
634,12550,10786,1803680
634,13587,12355,1799455
634,7386,6515,1826796
634,13071,11129,1801603
634,18342,18340,1775714
634,17138,16775,1782056
634,13060,12712,1803272
634,10500,10498,1813536
634,13033,12838,1802618
634,22626,22607,1752547
634,8451,7887,1821687
634,15530,14770,1789725
634,15530,9682,1789726
634,15250,15067,1791948
634,13800,13762,1798758
634,11993,11687,1807791
634,6603,6583,1826251
634,17385,14506,1781295
634,20555,20553,1763457
634,20190,19492,1765633
634,17267,13657,1781650
634,20224,20173,1765681
634,20224,20175,1765676
634,7346,7344,1823864
634,4515,4320,1833974
634,3820,3636,1837478
634,15930,15301,1787626
634,6905,5410,1825416
634,21062,11954,1760555
634,9869,9868,1815889
634,12930,12889,1802212
634,10877,10876,1811856
634,6293,5401,1830803
634,1609,1386,1843789
634,11757,11431,1807392
634,17760,17755,1779183
634,5514,5467,1830510
634,7442,7392,1823551
634,10354,10249,1814803
634,17997,17981,1778443
634,2934,2797,1840323
634,20118,19971,1765877
634,11651,11516,1807937
634,19888,19614,1766786
634,20210,17771,1765567
634,12386,12382,1804390
634,17097,17095,1782284
634,12386,12381,1804389
634,21179,21177,1759638
634,12109,11327,1809589
634,1857,1852,1843499
634,22983,22968,1751048
634,14496,14351,1794880
634,20858,20743,1762535
634,6688,6684,1825996
634,9199,8940,1819378
634,21077,19586,1760362
634,417,53,1848141
634,12758,12757,1803000
634,10254,7051,1814768
634,9754,7985,1821815
634,5457,5391,1830627
634,21408,20836,1761992
634,16862,5664,1783282
634,9748,9737,1816775
634,13701,13672,1798975
634,10179,8313,1815009
634,12541,12539,1803724
634,17468,17136,1780793
634,20715,20713,1762645
634,15043,15040,1792050
634,6583,6450,1827080
634,3378,3002,1840115
634,10338,10334,1814270
634,16866,16795,1783175
634,17837,17831,1778886
634,12395,12382,1804359
634,12395,12381,1804358
634,21381,21362,1758396
634,9843,9764,1816650
634,22656,22234,1752345
634,9099,7512,1823228
634,8874,8851,1819844
634,8300,7766,1821062
634,11498,11478,1808680
634,17684,17672,1779521
634,5171,4309,1834805
634,5170,5169,1831677
634,17434,16202,1786185
634,9027,9019,1819093
634,3359,3358,1838675
634,260,228,1847641
634,13495,5291,1799708
634,17053,16825,1782478
634,17543,10539,1780478
634,20757,19492,1762340
634,15328,15251,1790713
634,22889,22872,1751341
634,12056,12047,1805678
634,277,276,1847624
634,20545,18726,1763528
634,21183,20857,1761943
634,21984,21968,1755142
634,21241,20793,1759211
634,12392,12381,1804365
634,4954,4940,1832238
634,10970,10179,1811321
634,11269,11238,1810003
634,13286,13282,1800628
634,9785,9689,1816451
634,13060,12735,1803105
634,9613,8313,1817286
634,7571,7216,1824392
634,22896,22892,1751322
634,12314,6910,1804565
634,13027,12889,1802397
634,13661,13449,1799899
634,1492,1482,1843929
634,16177,16100,1786685
634,10276,10248,1814537
634,7739,6798,1825782
634,11295,9719,1809938
634,1539,1531,1843856
634,12755,12739,1803016
634,14205,14197,1796385
634,833,781,1845534
634,16706,16703,1784148
634,17427,17393,1781280
634,2048,2035,1842898
634,20811,20381,1762049
634,9350,6147,1818132
634,6753,6259,1825877
634,18254,18134,1776765
634,12382,12381,1804406
634,22821,22740,1751539
634,5818,5786,1829453
634,5522,4937,1830422
634,9754,9713,1816966
634,19448,19434,1769590
634,12392,12382,1804366
634,17241,17240,1781723
634,22793,22786,1751702
634,19211,19207,1771078
634,6267,790,1827583
10070,4861,4840,1867385
10070,5605,5188,1871578
10070,4861,4847,1867412
10070,6821,6800,1876901
10070,4861,4849,1867415
10070,5205,5197,1869372
10070,5245,5203,1869606
10070,2085,2084,1852810
10070,7565,6393,1879743
10070,3376,3345,1857714
10070,6630,6626,1876330
10070,7090,6927,1878155
10070,4589,4533,1865512
10070,5876,5788,1872423
10070,8014,8009,1880865
10070,1472,1453,1850919
10070,6214,6104,1874022
10070,6131,6108,1873790
10070,3142,3117,1856470
10070,4550,4539,1865355
10070,5764,5761,1872339
10070,7528,2349,1853650
10070,3494,3463,1858623
10070,1496,1473,1850965
10070,4861,4814,1867265
10070,5231,5203,1869477
10070,7527,6471,1879675
10070,1454,1448,1850840
10070,1454,1447,1850842
10070,6283,6172,1874388
10070,6152,6089,1873651
10070,6123,6121,1873765
10070,4591,4545,1865340
10070,6210,6199,1874013
10070,4558,4533,1865386
10070,5214,4773,1869408
10070,1040,1038,1850086
10070,3811,3792,1860488
10070,6323,6322,1874591
10070,7328,7299,1878924
10070,8008,7993,1880845
10070,4512,4188,1865109
10070,4071,4068,1862233
10070,1379,1378,1850702
10070,6490,6488,1875486
10070,4567,4564,1865419
10070,6576,6419,1875863
10070,7824,7770,1880175
10070,2335,2280,1853563
10070,5203,5197,1869359
10070,2830,2742,1855045
10070,3495,3477,1858552
10070,6841,6833,1876980
10070,4221,4105,1863317
10070,7830,7547,1880380
10070,5727,5695,1872236
10070,4897,4880,1867603
10070,3459,3455,1858437
10070,3670,3669,1859574
10070,4385,4168,1864462
10070,3387,3330,1857779
10070,1412,1408,1850755
10070,6847,6825,1876995
10070,3873,3872,1860725
10070,6826,6800,1876911
10070,7791,7088,1878146
10070,4489,4412,1864988
10070,7344,6610,1878941
10070,6047,5974,1873523
10070,3685,3650,1859635
10070,4573,4188,1865431
10070,7719,7718,1880092
10070,3512,3504,1858667
10070,6473,6459,1875460
10070,4861,4806,1867209
10070,2708,2702,1854937
10070,3571,3551,1859012
10070,4560,4557,1865398
10070,5946,5942,1873099
10070,3064,3049,1856116
10070,6491,6490,1875493
10070,6150,5942,1873838
10070,837,834,1849710
10070,7800,7128,1878331
10070,3606,3568,1859180
10070,3041,3007,1856049
10070,3606,3567,1859181
10070,592,591,1849385
10070,4861,4810,1867224
10070,4981,4644,1867982
10070,6148,5942,1873833
10070,4701,4695,1866512
10070,7725,7587,1880096
10070,2918,2898,1855627
10070,1488,1013,1850053
10070,5945,5942,1873098
10070,3817,3816,1860494
10070,5208,5182,1869381
10070,2957,2904,1855767
10070,8032,8027,1880900
6,13518,13363,1887385
6,13778,12071,1887008
6,12762,11952,1889521
6,8640,8204,1892374
6,9218,9166,1891797
6,10909,9118,1891981
6,2540,2538,1899653
6,7561,7501,1893442
6,2212,2174,1900275
6,6951,6939,1894190
6,4107,4087,1897688
6,1266,1198,1901390
6,1428,1421,1901153
6,10439,10425,1890721
6,5018,3861,1898004
6,10800,10340,1890263
6,16838,16812,1881881
6,5423,3306,1898560
6,13913,13877,1886898
6,10526,10485,1890662
6,6734,6670,1894640
6,7008,6876,1894310
6,3276,3275,1898566
6,5927,5925,1895584
6,6588,6553,1894758
6,1431,1422,1901152
6,6182,6159,1895159
6,6726,5978,1895485
6,17756,17670,1881093
6,2873,2871,1899138
6,5013,3872,1897971
6,5197,5185,1896311
6,14727,14712,1885587
6,5918,5683,1895779
6,11540,3860,1889823
6,15377,15376,1884579
6,9257,9057,1891762
6,11583,11441,1891076
6,2370,2142,1900315
6,13125,13092,1887695
6,5782,5769,1895756
6,12083,10362,1890808
6,10426,10388,1890787
6,13640,13634,1887129
6,5422,3251,1898615
6,4927,4925,1896580
6,16751,16597,1882290
6,9963,9901,1891137
6,16620,16384,1882530
6,5008,3981,1897871
6,13084,11640,1889736
6,5496,3639,1898121
6,4571,4562,1897073
6,3209,3189,1898684
6,13982,13843,1886804
6,2327,2212,1900054
6,709,707,1901846
1486,10147,9625,1933924
1486,8242,8045,1936687
1486,11259,11115,1932671
1486,10311,10022,1934162
1486,6199,6138,1940306
1486,12760,12758,1931000
1486,9490,7287,1934800
1486,25375,23107,1909147
1486,8911,8396,1936405
1486,3025,3024,1945573
1486,20124,19143,1919211
1486,17551,16976,1926145
1486,11461,11459,1932425
1486,20840,16160,1926900
1486,15811,15796,1927336
1486,15738,14300,1927365
1486,9825,7601,1937827
1486,22325,21952,1912433
1486,24804,24722,1904811
1486,10620,10358,1933658
1486,9032,7639,1935472
1486,23662,22393,1911185
1486,15400,15058,1927848
1486,4502,4176,1943547
1486,19167,19143,1922688
1486,7588,7530,1937977
1486,5287,4977,1942290
1486,2709,2702,1946087
1486,12704,11657,1932234
1486,11740,8694,1935950
1486,23739,23703,1907340
1486,5275,5140,1941984
1486,25698,21100,1950673
1486,23233,23102,1909165
1486,19228,19049,1923087
1486,11616,11595,1932313
1486,22383,22301,1911323
1486,9386,6846,1935037
1486,20087,20052,1919293
1486,7838,7762,1937433
1486,23367,19808,1920354
1486,13203,10358,1933661
1486,23029,22779,1910070
1486,24334,22751,1910191
1486,9366,8676,1935075
1486,6638,6595,1939499
1486,5106,4938,1942067
1486,24056,23936,1906925
1486,10174,10069,1934069
1486,12528,12140,1931641
1486,6164,5480,1940258
1486,12416,12405,1931401
1486,11127,10819,1933056
1486,7480,6931,1938994
1486,7943,6049,1937272
1486,23748,23732,1907356
1486,25039,19015,1903768
1486,10295,8382,1936429
1486,10258,9565,1934714
1486,21926,21920,1912568
1486,8088,7408,1936965
1486,15533,14368,1927671
1486,8190,8175,1936786
1486,24789,24722,1904571
1486,8845,8526,1936213
1486,18634,18616,1923909
1486,22620,22521,1910473
1486,19263,18999,1922297
1486,20476,20059,1917962
1486,15451,15196,1927755
1486,7997,7709,1937638
1486,15811,15688,1927447
1486,13622,13609,1930143
1486,8369,8028,1936450
1486,10202,8345,1936530
1486,4799,4798,1942580
1486,9505,9445,1934790
1486,14924,14595,1929111
1486,24798,23001,1904560
1486,25039,24654,1903770
1486,14355,13283,1930449
1486,8935,4929,1935609
1486,4508,4189,1943503
1486,2366,2282,1946823
1486,4674,4669,1942750
1486,20190,18567,1924006
1486,7874,6873,1939068
1486,5901,4033,1943813
1486,20610,15608,1927561
1486,21546,20405,1913568
1486,25791,24576,1905261
1486,6967,6859,1938953
1486,12764,9271,1935146
1486,6597,6595,1939579
1486,22182,19448,1911706
1486,20943,20423,1915746
1486,2662,2608,1946186
1486,24100,23467,1906498
1486,8093,8072,1936951
1486,6923,6599,1939003
1486,7896,7530,1937978
1486,5287,4034,1943783
1486,20840,14583,1929121
13378441,2694,2675,2187673
13378441,12873,12863,2141030
13378441,3267,3264,2184038
13378441,9312,9310,2154194
13378441,6337,6335,2167141
13378441,6202,6181,2167854
13378441,20697,20599,2113760
13378441,17428,17419,2123772
13378441,10718,10715,2150190
13378441,4160,4157,2178320
13378441,19477,19463,2117151
13378441,6089,6058,2168827
13378441,14641,14631,2133813
13378441,10460,10450,2150856
13378441,8741,8740,2155965
13378441,3686,3046,2185314
13378441,9113,9112,2154708
13378441,15044,14939,2132305
13378441,16826,16814,2125809
13378441,6585,6194,2167927
13378441,7627,7610,2161085
13378441,5345,5327,2172870
13378441,34,32,2201056
13378441,419,406,2199377
13378441,441,438,2199272
13378441,17151,17137,2124836
13378441,7925,7886,2159634
13378441,9560,9557,2153408
13378441,7562,6293,2161469
13378441,16069,9537,2128353
17302594,13573,13482,2450837
17302594,8373,7891,2431307
17302594,6303,4586,2424270
17302594,6814,5587,2421652
17302594,18214,18193,2471504
17302594,5097,5090,2420136
17302594,16865,16478,2463591
17302594,14993,13627,2451453
17302594,22960,20909,2483589
17302594,10923,10854,2439582
17302594,22038,21702,2486494
17302594,10789,10672,2439382
17302594,6576,6562,2425050
17302594,20219,15299,2481009
17302594,18545,16731,2464514
17302594,14639,14579,2455331
17302594,7068,6920,2427033
17302594,8729,8148,2430657
17302594,6082,6078,2423370
17302594,9789,9718,2435268
17302594,12209,11646,2442980
17302594,12027,7965,2429993
17302594,8775,8774,2432612
17302594,17398,15470,2459515
17302594,13643,8742,2432508
17302594,7897,7888,2429817
17302594,25209,20852,2483411
17302594,9570,7057,2427011
17302594,17271,17264,2467250
17302594,11512,8376,2431312
17302594,23520,23517,2493862
17302594,7744,6531,2424909
17302594,14537,12457,2446907
17302594,9570,6800,2425976
17302594,16660,16659,2464317
17302594,6124,2326,2416063
17302594,12710,12692,2447695
17302594,15785,8208,2430886
17302594,14935,14766,2456780
17302594,17985,15114,2470403
17302594,8111,8091,2430491
17302594,7454,7413,2428272
17302594,13845,13711,2452440
17302594,19880,19845,2479586
17302594,15266,10100,2436294
17302594,10582,10499,2437782
17302594,11570,7929,2429900
17302594,21912,21447,2485431
17302594,4993,1464,2415650
17302594,20545,20407,2482456
17302594,6814,6216,2423877
17302594,6976,6162,2423723
17302594,19594,19489,2477803
17302594,15278,7704,2429291
17302594,10654,10525,2438677
17302594,10649,10482,2437750
17302594,5652,5203,2420454
17302594,7853,7852,2429628
17302594,22336,21243,2484672
17302594,11315,9735,2441518
17302594,12044,11674,2445636
17302594,13023,13013,2449011
2184,2437,2436,2506281
2184,2510,2471,2506352
2184,2408,2386,2506192
2184,4896,3602,2518630
2184,2763,780,2501859
2184,8475,8467,2538881
2184,8693,8296,2540354
2184,11554,8991,2541928
2184,2112,2030,2505123
2184,12861,12846,2568664
2184,4109,2604,2506998
2184,15633,15618,2581420
2184,15618,15427,2581419
2184,5238,3182,2521271
2184,14073,14069,2574759
2184,1365,1362,2503323
2184,1365,1361,2503322
2184,13672,11061,2556138
2184,16146,13500,2583706
2184,2198,2196,2505620
2184,4739,4517,2517886
2184,4197,2316,2506049
2184,13417,12588,2571902
2184,2640,2639,2507153
2184,2640,2638,2507158
2184,13019,12695,2567897
2184,4013,2475,2506361
2184,10817,4127,2514555
2184,1140,1122,2502831
2184,14958,14750,2578638
2184,4374,3024,2516387
2184,3432,3093,2510644
2184,10143,10117,2550102
2184,5276,4363,2516238
2184,9622,6796,2529576
2184,2612,2596,2507021
2184,4257,4229,2515603
2184,14139,11288,2557630
2184,2070,2056,2505184
2184,9121,8394,2538323
2184,1221,540,2501309
2184,14792,14787,2577772
2184,7342,5956,2525377
2184,3182,3151,2508919
2184,3188,2681,2507428
2184,942,941,2502334
2184,14139,12841,2568658
2184,6641,6629,2528788
2184,8555,6756,2529383
2184,13495,11764,2572221
2184,9569,7554,2534014
2184,8284,8268,2537804
2184,3274,1620,2509707
2184,3127,1240,2503145
2184,8398,7731,2535244
2184,2217,2213,2505683
2184,3533,3246,2511248
2184,2366,1731,2504135
2184,5189,4726,2517836
2184,7778,7145,2535417
2184,5888,5664,2524107
2184,9330,6132,2526251
2184,6686,6589,2529010
2184,3222,1469,2503528
2184,3114,3088,2508682
2184,3262,1449,2503500
2184,1516,559,2501339
2184,2763,872,2502140
2184,15987,15704,2583140
2184,10168,9095,2550241
2184,10241,6317,2550632
2184,3687,3565,2512101
2184,7097,6660,2528905
2184,3463,1520,2503649
2184,9622,9382,2545078
2184,10793,10764,2553999
2184,2589,972,2502404
2184,8365,7487,2538211
2184,5293,3602,2511644
2184,2589,2465,2506345
2184,14139,11524,2575092
2184,10753,9035,2542159
2184,15998,15138,2583189
2184,15200,15168,2579710
2184,1618,1611,2503858
2184,10817,6693,2529053
2184,12570,12564,2567266
2184,3097,2569,2506825
2184,5140,4936,2518835
2184,11164,10881,2556996
2184,3376,2494,2506411
2184,16143,16077,2583704
2184,5293,4870,2518517
2184,4751,4517,2517952
2184,8591,8106,2539680
2184,4267,4264,2515623
2184,12694,12373,2567884
2184,4015,3947,2513666
2184,4190,4188,2514968
2184,2610,2516,2506476
2184,3357,2831,2508082
2184,5967,5566,2523478
2184,3973,2739,2507662
2184,8586,8544,2539650
2184,8768,8350,2540620
2184,1515,1506,2503618
2184,7212,7041,2532013
2184,8574,8420,2539570
2184,1818,1619,2504369
2184,1111,971,2502388
2184,5374,3788,2522370
2184,2668,2018,2507394
2184,2986,2735,2508369
2184,14907,12625,2567420
2184,12795,12557,2568335
2184,3534,1500,2503610
2184,4515,4487,2516841
2184,2111,2029,2505121
2184,1279,1252,2503154
2184,7832,5368,2522364
2184,2690,2439,2506296
2184,7274,7235,2532413
2184,5935,3024,2508402
2184,6460,3510,2511125
2184,6861,6080,2529775
2184,4755,4517,2517971
2184,4211,3709,2515212
2184,5958,3648,2511945
2184,14752,13906,2577711
2184,1268,1267,2503192
2184,6439,4654,2517343
2184,9280,9274,2544281
2184,3387,1535,2510323
2184,2833,2789,2508084
2184,11764,11568,2559754
2184,3902,3840,2513168
2184,15238,15235,2580027
2184,4159,4147,2514812
2184,14626,13730,2573342
2184,11353,8039,2536499
2184,3988,3968,2513809
2184,13473,13464,2572143
2184,3913,2160,2505520
2184,10268,7830,2535720
2184,14082,13956,2574835
2184,3878,2330,2513298
2184,2636,2549,2506598
2184,10059,6767,2529408
2184,11138,8656,2540154
2184,1435,1430,2503440
2184,1365,1356,2503315
2184,6693,4127,2529052
6093,14063,13758,2729243
6093,10525,9607,2751781
6093,14792,14784,2725762
6093,13582,12819,2730945
6093,11820,11751,2739911
6093,12151,12147,2737851
6093,11244,10525,2743981
6093,13062,10835,2747011
6093,13378,12986,2733376
6093,16255,16253,2718902
6093,14378,14310,2727933
6093,14264,12503,2735593
6093,16257,16215,2718884
6093,5706,5565,2767421
6093,21140,20535,2693237
6093,11906,11828,2739890
6093,8791,5572,2767387
6093,16915,11848,2739801
6093,12014,11721,2740689
6093,12835,12776,2734238
6093,17876,17870,2710118
6093,21184,12584,2735140
6093,20147,20047,2698170
6093,16942,16917,2715468
6093,19863,19856,2699986
6093,9065,6115,2765669
6093,16080,15892,2719763
6093,12130,11421,2737913
6093,17231,11888,2739640
6093,13084,11547,2732992
6093,22233,22169,2687750
6093,21299,18688,2706049
6093,19082,18973,2704316
6093,14328,14262,2727858
6093,18163,18125,2709001
6093,16421,15212,2723604
6093,14098,12904,2729108
6093,8725,7108,2762526
6093,20408,20405,2696655
6093,12058,11242,2738280
6093,8838,7108,2762527
6093,18936,18658,2706174
10952404,11235,11191,2835112
10952404,4285,4233,2883211
10952404,3125,2882,2886507
10952404,13468,13444,2815635
10952404,8272,8257,2860084
10952404,4116,4096,2883652
10952404,14748,14746,2802328
10952404,7220,6880,2869788
10952404,8937,8936,2854754
10952404,11012,11000,2837547
10952404,10082,8641,2856817
10952404,13273,13256,2818001
10952404,14286,14269,2807187
10952404,6025,6024,2876360
10952404,9261,9254,2852195
10952404,14599,14583,2803814
10952404,1134,1133,2889996
10952404,11383,11340,2833993
10952404,4173,4057,2883811
10952404,3991,3895,2884155
10952404,6261,6258,2874626
10952404,14664,14312,2802903
10952404,12384,10942,2826209
10952404,8411,8404,2858986
10952404,8905,8901,2855018
10952404,9115,9114,2853285
10952404,6965,6957,2869332
10952404,16183,16182,2789448
10952404,12004,11989,2828108
10952404,9365,9363,2851292
10952404,7490,7117,2866285
10952404,8900,8884,2855043
10952404,9401,7832,2863944
10952404,2703,2645,2887001
10952404,15914,15904,2792000
10952404,14457,14449,2804946
10952404,7096,6409,2873568
10952404,13686,13435,2816057
10952404,512,497,2890701
10952404,14207,14170,2808394
10952404,7232,6579,2872328
10952404,16465,14771,2786780
10952404,14629,14628,2803265
10952404,5964,5941,2876767
10952404,8928,8923,2854861
10952404,17233,17229,2779089
10952404,5965,5941,2876933
10952404,14582,14581,2803819
10952404,5596,5595,2879368
10952404,8241,33,2860384
10952404,6823,6741,2870173
10952404,14737,12154,2827878
1226,1971,1966,3307410
1226,1690,1197,3303882
1226,2425,2366,3309046
1226,3060,1845,3306996
1226,4419,4151,3323889
1226,2152,1888,3307125
1226,5324,5166,3329187
1226,5628,5621,3332401
1226,3938,3475,3320587
1226,2706,2615,3310473
1226,875,871,3303056
1226,3521,3500,3317564
1226,1758,1752,3306499
1226,2388,2313,3308834
1226,7644,7496,3344058
1226,1328,1284,3304184
1226,7329,7326,3343163
1226,767,344,3301319
1226,3410,3399,3316785
1226,3503,3497,3317459
1226,2564,2432,3309405
1226,3847,3529,3317606
1226,5756,5751,3333000
1226,1995,1989,3307465
1226,4115,3984,3321748
1226,1489,1376,3304764
1226,6207,6088,3334893
1226,7135,6660,3342195
1226,5052,5049,3328432
1226,440,390,3301823
1226,1123,629,3302422
1226,2985,2959,3314020
1226,8405,8303,3348934
1226,4152,4143,3321953
1226,6267,6266,3336328
1226,5074,5066,3328549
1226,6801,6758,3340064
1226,1772,1763,3306604
1226,5951,5742,3332953
1226,1478,1435,3305033
1226,2859,2408,3309292
1226,1480,1478,3305328
1226,3144,2861,3313079
1226,5404,5378,3330655
1226,5220,4250,3329632
1226,3999,3957,3320739
1226,2099,1759,3306580
1226,3506,3502,3317497
1226,2159,2155,3308254
1226,5464,5463,3330898
1226,5664,5553,3331285
1226,5158,5149,3329125
1226,2662,2627,3310517
1226,7825,7814,3346227
1226,1211,1014,3303349
20078281,7139,6788,3405279
20078281,9848,9284,3428707
20078281,12491,12487,3448135
20078281,8697,8549,3420288
20078281,12878,12875,3452095
20078281,11143,10786,3438001
20078281,10055,9935,3429942
20078281,3813,2205,3378950
20078281,7617,7028,3412628
20078281,5786,5782,3395874
20078281,9578,9575,3426774
20078281,1424,493,3358005
20078281,11074,10320,3431974
20078281,561,161,3350391
20078281,10937,10525,3436173
20078281,6531,5056,3403061
20078281,8263,8231,3418050
20078281,2556,2312,3369260
20078281,5007,5003,3388901
20078281,8923,3062,3372755
20078281,4310,4258,3382087
20078281,10753,10734,3434832
20078281,3068,3059,3372956
20078281,4342,4062,3380830
20078281,9111,8016,3423855
20078281,6987,6947,3407461
20078281,10579,10282,3433554
20078281,539,239,3350823
20078281,11533,9352,3440981
20078281,10916,10890,3436101
20078281,11397,11375,3440076
20078281,2252,2251,3366014
20078281,6537,6536,3403216
20078281,12590,12544,3449087
20078281,11610,8551,3420325
20078281,2350,1785,3367081
20078281,12231,12204,3445697
20078281,8717,8505,3421459
20078281,9233,9184,3424608
20078281,5211,5097,3390298
20078281,11310,9351,3439489
20078281,3701,2253,3366049
20078281,12437,9961,3447400
20078281,5251,4277,3382214
20078281,7933,7932,3415229
20078281,12490,12105,3448117
20078281,385,382,3351356
20078281,11278,10423,3439172
20078281,5690,5689,3394918
20078281,5520,5519,3393797
20078281,7185,7160,3409509
20078281,9535,9482,3426598
20078281,2727,2726,3370489
20078281,2727,2725,3370487
20078281,6728,6718,3404642
20078281,12231,12230,3445881
20078281,8957,8953,3422845
20078281,601,533,3351892
20078281,7911,7745,3415192
20078281,11828,8491,3419793
20078281,4958,4110,3388609
20078281,81,56,3350169
20078281,12492,12487,3448141
20078281,13650,13570,3458355
20078281,3568,3567,3376494
20078281,4814,4813,3387400
20078281,4265,4254,3382123
20078281,11838,11823,3443073
20078281,12777,12316,3446700
20078281,2207,2205,3365566
20078281,9243,9220,3424557
20078281,8016,8010,3415898
20078281,11099,10343,3432117
20078281,7634,7590,3412728
20078281,5020,4975,3388717
20078281,12469,12387,3447855
20078281,3774,3722,3378690
20078281,8612,8587,3420782
20078281,9335,9334,3425471
20078281,6044,5722,3395262
20078281,11848,11762,3443116
20078281,11340,11308,3439655
20078281,7626,7311,3412681
20078281,4585,3823,3384772
20078281,7771,7689,3413150
20078281,489,482,3351701
20078281,6986,6947,3407446
20078281,2262,1936,3362912
20078281,12822,12732,3450533
20078281,3853,3848,3379264
20078281,5783,5544,3395887
20078281,11599,7850,3414582
20078281,10339,10239,3431481
20078281,8491,8334,3419778
20078281,5251,4749,3386410
20078281,6937,6206,3399822
20078281,6982,6947,3407412
20078281,10583,10531,3433609
20078281,12901,12426,3447317
20078281,5434,5306,3393254
20078281,5316,5306,3392373
20078281,7465,5458,3411416
20078281,7616,7311,3412620
20078281,4124,3511,3381197
4708601,19300,19298,3532285
4708601,22705,22697,3528150
4708601,6941,6342,3547692
4708601,8195,8182,3546665
4708601,18689,17756,3532980
4708601,5278,5067,3549839
4708601,15384,15137,3537754
4708601,10773,10465,3544808
4708601,19863,19387,3532179
4708601,20667,18914,3532712
4708601,17350,17181,3534908
4708601,19904,19890,3531661
4708601,12217,11100,3542992
4708601,15350,12879,3537869
4708601,18745,18739,3532870
4708601,21535,21167,3529954
4708601,15423,15126,3537734
4708601,14153,14147,3539673
4708601,18757,18720,3532864
4708601,4819,4282,3550258
4708601,7370,7138,3547355
4708601,16698,16659,3535748
4708601,1525,1480,3552762
4708601,11482,11199,3544085
4708601,11687,11674,3543865
4708601,17037,17033,3535302
4708601,17359,17215,3535106
4708601,7064,6342,3547629
4708601,13333,13183,3541312
4708601,16776,16738,3535591
4708601,7151,6846,3547523
4708601,3028,2993,3551733
4708601,13502,13014,3540998
4708601,6877,6857,3547767
4708601,15371,15345,3537829
4708601,15582,15503,3537530
4708601,20604,20428,3530590
4708601,22499,22145,3528968
4708601,1138,1127,3552964
4708601,20009,18729,3531476
4708601,595,515,3553460
4708601,17172,17077,3535253
4708601,16628,14552,3535813
4708601,8430,8421,3546474
4708601,11496,10872,3544076
4708601,17462,17436,3534771
4708601,16193,15104,3536314
4708601,15347,13965,3537874
4708601,18531,17535,3534620
4708601,22612,21997,3529066
4708601,20795,20174,3531269
4708601,9276,7307,3545868
4708601,19121,18998,3532620
4708601,12529,12512,3542553
4708601,8518,6857,3547791
4708601,7622,6051,3547205
4708601,21136,18462,3529991
4708601,18871,18398,3532756
4708601,14175,14173,3539615
4708601,20745,19541,3530468
4708601,8806,8800,3546183
4708601,2664,2559,3551946
4708601,11664,11215,3544343
4708601,14360,13718,3539286
4708601,19055,18908,3532538
4708601,22039,22035,3529056
4708601,21190,21036,3529925
4708601,20658,20557,3530521
4708601,7147,7001,3547528
4708601,7963,7849,3546835
4708601,2622,2559,3551997
4708601,20851,20428,3530375
4708601,8462,6846,3546401
4708601,15645,15314,3537422
4708601,12776,3089,3542079
4708601,15563,15345,3537558
4708601,1519,1490,3552764
4708601,13932,10349,3540069
4708601,21770,21739,3529339
4708601,13192,10267,3541425
4708601,20665,20664,3530520
4708601,5445,5308,3549727
4708601,14803,10267,3538731
4708601,22045,21929,3529176
4708601,22128,21615,3528977
4708601,17136,17114,3535204
4708601,14630,13965,3538983
4708601,7184,7001,3547495
4708601,7338,7181,3547390
4708601,12733,12328,3542195
4708601,15848,15345,3537033
4708601,6612,6342,3548090
4708601,17409,17404,3534834
4708601,13473,13410,3541032
4708601,13606,13388,3540791
4708601,8047,7736,3546755
4708601,20989,20966,3530212
4708601,6902,6854,3547733
4708601,13519,13014,3540976
4708601,7899,7614,3546889
4708601,7821,6836,3546944
4708601,6615,6342,3548085
4708601,12964,12957,3541794
4708601,21044,20926,3530096
4708601,20754,19890,3530459
4708601,17401,17388,3534862
4708601,19829,18865,3531712
4708601,20332,20310,3530987
4708601,19936,19056,3532536
4708601,10708,10465,3544864
4708601,7912,7849,3546882
4708601,4509,4486,3550477
4708601,7862,6938,3546912
4708601,21161,19864,3529956
4708601,2110,2064,3552354
4708601,5165,3089,3549980
4708601,17080,17051,3535248
4708601,20779,20428,3530440
4708601,20996,20917,3530209
4708601,17637,17283,3534492
4708601,20580,20394,3530623
4708601,15895,15801,3536948
4708601,3610,3593,3551349
4708601,16145,14400,3536393
4708601,8974,8906,3546141
4708601,13165,12604,3541517
4708601,8730,8694,3546219
37,8206,8177,3593574
37,5080,3376,3580878
37,15919,15917,3616674
37,4916,4860,3584657
37,2265,2252,3578244
37,4968,4963,3584719
37,6876,6065,3589588
37,2399,2357,3578489
37,4658,4615,3584031
37,8716,8628,3594929
37,14635,12682,3612352
37,9917,9265,3599266
37,6716,6692,3589171
37,4630,4512,3583963
37,8206,8133,3593682
37,9827,5746,3586675
37,4612,4479,3583426
37,1602,1564,3576360
37,3198,2773,3579568
37,2260,2216,3578205
37,11028,9964,3602903
37,8034,8032,3593187
37,11017,9854,3599026
37,11593,11579,3604323
37,4171,4083,3582440
37,14967,6412,3613648
37,6807,6801,3589466
37,4924,4854,3584666
37,4300,3898,3583051
37,10477,10443,3601256
37,6215,6098,3587695
37,1514,1045,3576180
37,11803,11722,3604656
37,6986,6983,3589925
37,3025,2522,3580070
37,11790,11443,3604035
37,4833,4337,3584450
37,7999,5903,3587106
37,8108,7902,3593398
37,11973,11097,3605292
37,15542,15538,3615791
37,2357,2199,3578388
37,4308,3848,3583068
37,3958,3898,3582104
37,9905,8005,3599195
37,4940,4529,3583706
37,8205,7968,3593679
37,5174,5110,3585136
37,3197,3082,3580444
37,4642,4615,3583981
37,10335,10330,3600591
37,5976,5536,3586050
37,4665,4615,3584049
37,5019,4067,3584752
37,4021,3897,3581982
37,9481,9478,3597630
37,4292,3898,3583030
37,8206,8130,3593462
37,12072,4282,3583015
37,4369,4351,3583169
37,4530,4410,3583711
37,5084,4872,3584588
37,11938,11937,3605223
37,7846,5063,3592483
37,15535,15524,3615705
37,10711,10327,3602033
37,12110,9791,3605628
37,2362,2307,3578404
37,8516,8512,3594709
37,12362,12307,3606098
37,3082,2835,3579687
37,7582,5674,3591699
37,3785,3761,3581773
37,12524,12477,3606420
37,13942,13941,3610024
37,7960,7776,3592288
37,3010,2522,3580037
37,9013,4858,3595928
37,6885,6046,3589600
37,9356,8837,3597170
37,10585,5072,3584909
37,3393,1745,3580904
37,10485,10476,3601270
37,8492,8233,3594645
37,4086,3135,3582449
37,7906,7903,3592570
37,11359,10985,3603943
37,9763,9321,3598759
37,1851,1701,3577041
37,5108,5101,3584974
37,2439,2060,3578576
37,4532,4410,3583714
37,1616,1544,3576424
37,10592,7762,3592238
37,3452,2981,3581056
37,4544,4410,3583754
37,15110,15106,3614106
37,4356,3898,3583151
37,10619,10618,3601674
37,7079,6474,3588559
37,13014,9791,3607691
37,2488,2396,3578810
37,14488,14085,3610584
37,13497,13495,3608868
37,2273,1084,3578283
37,8626,8606,3594920
37,4646,4512,3583989
37,7947,7868,3592729
37,7479,7262,3591327
37,3699,3697,3581647
37,4193,3927,3582828
37,12933,12166,3605752
11065419,12913,12879,3733202
11065419,5299,5285,3746350
11065419,14192,11093,3735723
11065419,5888,4780,3747418
11065419,2630,2571,3752072
11065419,2839,2791,3751777
11065419,7151,6503,3744004
11065419,3330,3259,3750733
11065419,10578,9789,3737648
11065419,11261,9463,3738241
11065419,9986,9752,3737771
11065419,4979,4662,3747008
11065419,11157,10870,3736071
11065419,14103,14082,3731446
11065419,10537,8407,3740029
11065419,7874,6533,3743933
11065419,10050,5850,3737332
11065419,1827,1526,3753953
11065419,12998,12829,3733250
11065419,1654,1644,3754380
11065419,7994,7909,3741037
11065419,4158,3663,3749911
11065419,4148,1990,3753525
11065419,2411,2086,3753179
11065419,9398,7617,3741705
11065419,3064,3019,3751212
11065419,7785,6956,3741364
11065419,9646,8791,3739389
11065419,6570,5269,3743812
11065419,1620,1357,3755029
11065419,12781,12737,3733329
11065419,9167,7485,3738743
11065419,14204,14190,3731208
11065419,1525,1214,3755366
11065419,9686,9482,3738223
11065419,2743,2738,3751885
11065419,1764,1697,3754318
11065419,1426,1285,3755251
11065419,440,339,3757039
11065419,3761,3509,3750129
11065419,1804,1801,3754021
11065419,1701,1618,3754314
11065419,14514,13852,3730706
11065419,1939,1888,3753736
11065419,11679,11677,3734876
11065419,14429,14263,3730834
11065419,5196,5177,3746637
11065419,6344,5893,3744460
11065419,1974,1952,3753617
11065419,9075,8948,3738927
11065419,7666,7557,3741788
11065419,3908,3860,3749347
540,13365,12737,4033251
540,11667,11660,4030640
540,13685,13684,4037379
540,11146,10983,4029396
540,4223,4214,4022098
540,1354,1238,4015873
540,11516,11509,4030321
540,4156,3955,4021921
540,14799,14771,4039682
540,1012,926,4014956
540,2212,2030,4017105
540,1639,1631,4016334
540,12908,12832,4033430
540,14966,13175,4035177
540,13250,12501,4032688
540,12922,12921,4034012
540,13278,13270,4035719
540,13775,13751,4037513
540,13770,13763,4037557
540,14639,13629,4037215
540,4256,4255,4022183
540,14441,14246,4038678
540,11426,11381,4030158
540,2542,2310,4017697
540,1753,1661,4016349
540,12798,12793,4033373
540,2892,2485,4018356
540,3261,3046,4019274
540,4532,3740,4022978
540,1562,1216,4015468
540,13566,13194,4036952
540,12789,12787,4033360
540,13617,13587,4037016
540,3774,3764,4020719
540,10523,4785,4028679
540,2312,2274,4017338
540,2973,2971,4018450
540,324,303,4013401
540,4229,4170,4022111
540,15337,15087,4040299
540,10968,10966,4029373
540,12761,12708,4033307
540,12630,12344,4033037
540,11810,11793,4030938
540,2336,2333,4017370
540,1070,1066,4015133
27329,11253,6687,4069671
27329,8948,6647,4089888
27329,5134,5127,4095284
27329,16441,15971,4044302
27329,4459,3482,4098868
27329,16678,16677,4040861
27329,5950,4958,4096162
27329,7291,7285,4087130
27329,11009,10967,4070829
27329,9292,7462,4086270
27329,12400,12356,4064793
27329,10498,10497,4073230
27329,4271,3482,4099670
27329,12306,12302,4064958
27329,12658,12656,4062704
27329,12385,12384,4064593
27329,12162,12137,4065650
27329,7470,4505,4098602
27329,10269,9924,4075930
27329,15253,15248,4048295
27329,9134,7557,4085989
27329,9348,8728,4078134
27329,11149,8828,4080516
27329,3914,3893,4102261
27329,3060,2670,4105660
27329,11335,11141,4070275
27329,7130,6890,4088921
27329,12576,12566,4063261
27329,2778,2708,4105552
27329,10250,9579,4077468
27329,10857,10656,4072457
27329,2005,1654,4106347
27329,4499,4321,4099485
27329,9358,9198,4078944
27329,14534,13554,4052183
27329,3482,1904,4106289
27329,12638,12603,4062765
27329,10229,10199,4074747
27329,9574,8945,4080081
27329,9655,9644,4077210
27329,9888,9876,4076157
27329,12598,12090,4063040
27329,14791,14728,4051287
27329,11293,9894,4069570
27329,10074,9350,4075337
27329,14599,12580,4063128
27329,10282,9763,4074090
27329,5950,4680,4097981
27329,4549,4254,4099725
183,6617,6399,4638456
183,5341,4781,4633725
183,1445,1437,4622215
183,6688,6648,4638668
183,2092,2089,4625166
183,4698,4671,4631431
183,2981,2935,4627257
183,6269,6184,4637293
183,7647,7583,4641429
183,5631,5611,4634991
183,1809,1790,4623571
183,4174,4147,4630178
183,1178,1165,4621600
183,6551,6542,4638205
183,6001,5386,4636183
183,7123,25,4640416
183,5618,4534,4634962
183,6695,6615,4638691
183,1201,1080,4621353
183,7477,7411,4641163
183,1046,1039,4621104
183,4894,4657,4631939
183,3706,3434,4628213
183,5663,5654,4635144
183,4761,4749,4631534
183,911,910,4620626
183,6476,6267,4637985
183,180,125,4619268
183,605,602,4619968
183,1460,1441,4622251
183,1465,1213,4621692
183,5990,5983,4636158
183,5904,5802,4635942
183,1595,1586,4622912
183,1738,1625,4623270
183,4358,3932,4629544
183,2348,2189,4626318
183,754,747,4620177
183,6909,6795,4639118
183,4649,4648,4631310
183,6193,6073,4636747
183,3291,2973,4627953
183,5486,4642,4631297
183,180,175,4619268
183,4720,4687,4631470
183,3316,3263,4627999
183,5064,4973,4632525
183,1248,1247,4621781
183,5636,5503,4634581
183,4753,4584,4631553
183,1041,1039,4621092
183,6264,6154,4637240
183,5667,5486,4635149
3905191,6037,5997,4986961
3905191,6419,5884,4985390
3905191,2366,2359,4995865
3905191,8677,8436,4977210
3905191,3184,3180,4994149
3905191,8635,7272,4982181
3905191,4311,4294,4991454
3905191,5004,4051,4990013
3905191,1539,1249,4999016
3905191,7326,3913,4992519
3905191,5449,5444,4988879
3905191,6657,6591,4984993
3905191,938,830,5000156
3905191,4789,4786,4990444
3905191,8647,8328,4976125
3905191,1894,1366,4997087
3905191,7621,6893,4983720
3905191,6046,5264,4989430
3905191,5753,5099,4989835
3905191,9465,7725,4980430
3905191,5374,5257,4989144
3905191,5714,5398,4989053
3905191,5391,5009,4990005
3905191,3281,2549,4995434
3905191,7515,7081,4983019
3905191,1221,760,4999124
3905191,8678,8648,4975993
3905191,2121,1301,4996477
3905191,5236,5220,4989488
3905191,8945,8939,4975051
3905191,5961,5960,4987172
3905191,8764,8655,4975676
3905191,9385,5718,4988111
3905191,3950,3949,4992359
3905191,2512,2511,4995551
3905191,722,703,5000607
3905191,5361,3885,4992555
3905191,6059,5651,4988338
3905191,8106,8101,4978416
3905191,3371,3370,4993798
3905191,7090,144,4982950
3905191,1264,1072,4999433
3905191,3663,3508,4993574
3905191,6354,6337,4985810
3905191,3589,3533,4993535
3905191,1539,1240,4999044
3905191,4221,4220,4991612
3905191,698,696,5000621
3905191,9935,9933,4972480
3905191,2114,1301,4996492
3905191,4561,4463,4991113
3905191,520,510,5001116
3905191,8112,8101,4978440
3905191,8259,8179,4978062
3905191,5714,5613,4988412
3905191,8112,8106,4978418
3905191,8109,8106,4978411
3905191,2159,2156,4996400
3905191,4164,4150,4991789
3905191,6502,6148,4985171
3905191,7471,6461,4981473
3905191,6958,6744,4984351
3905191,9083,9070,4974636
3905191,3405,3282,4993988
3905191,6745,6710,4984348
3905191,8612,7402,4981699
3905191,2172,1912,4996364
3905191,7819,4344,4980228
3905191,5907,1510,4987364
3905191,5615,5602,4988409
3905191,6135,6121,4986546
3905191,4157,2263,4996147
3905191,8757,8648,4976124
3905191,3737,3566,4993420
5219,6582,6376,5233803
5219,3181,2632,5197461
5219,3574,1176,5204183
5219,5835,5771,5228926
5219,3125,2694,5196740
5219,6337,6332,5232212
5219,5366,5127,5225277
5219,7390,7229,5239546
5219,7819,6077,5245908
5219,6057,6041,5230194
5219,7825,6307,5232120
5219,6436,6431,5233003
5219,7261,6028,5230044
5219,7015,5900,5229279
5219,5297,5277,5224530
5219,3735,2979,5195245
5219,4852,2263,5186349
5219,7350,5393,5225618
5219,8438,4354,5215251
5219,7011,7009,5237585
5219,6712,6505,5233392
5219,1961,1787,5181856
5219,6874,2616,5190946
5219,5295,1348,5176121
5219,8658,4494,5216356
5219,5951,5874,5229559
5219,6692,5762,5235107
5219,7350,7312,5240371
5219,6720,6666,5235832
5219,4205,3907,5212989
5219,6307,5642,5232116
5219,6087,5513,5226959
5219,3306,1714,5179832
5219,5152,4845,5219624
5219,7026,1742,5180201
5219,2948,2199,5194794
5219,4802,4182,5212752
5219,5378,5348,5225587
5219,5784,2073,5183511
5219,3877,1867,5208188
5219,6586,3638,5204987
5219,4852,2557,5189911
5219,8658,8436,5251481
5219,6717,1939,5235782
5219,6841,5064,5221329
5219,4308,4087,5214840
5219,5420,5008,5225942
5219,5607,5577,5227532
5219,7978,7902,5247569
5219,6429,4567,5216894
5219,3531,3463,5202793
5219,3432,3236,5198401
5219,6313,5372,5232129
5219,7776,7775,5245522
5219,6671,5366,5225278
5219,3861,3859,5208055
5219,7374,5836,5228927
5219,311,296,5165454
5219,4493,4467,5216345
5219,4802,4175,5212708
5219,3760,3655,5205203
5219,7541,6176,5231395
5219,8143,7986,5249726
5219,5718,5712,5228262
5219,6671,5127,5221932
5219,3735,3310,5200803
5219,4802,1292,5175739
5219,8518,8517,5251930
